{
    "c2w": [
        [
            -0.9722778782858421,
            -0.194074382190319,
            0.13042569368581972,
            0.22629486151540004
        ],
        [
            0.23382841443242366,
            -0.8069773256755822,
            0.5423208169059197,
            0.9409527424425477
        ],
        [
            2.3036747706710394e-17,
            0.5577837663673364,
            0.8299863071021525,
            1.4400662255843568
        ],
        [
            0.0,
            0.0,
            0.0,
            1.0
        ]
    ],
    "fov": 34.97733669246289
}