{
    "pos": [
        [
            0.6699015625195767,
            -0.5956559085510222,
            4.04887505550683
        ],
        [
            3.0684381063109374,
            1.3716791606997363,
            2.4300810694996944
        ],
        [
            0.5821811548422282,
            -3.909922752993899,
            2.8034143733192685
        ]
    ],
    "power": [
        1303.2171538358953,
        752.8088523314584,
        864.1778542735053
    ]
}