{
    "pos": [
        3.4662083590132684,
        -0.18514830250591885,
        2.8436918010372745
    ],
    "power": 1035.5866976736907
}