{
    "pos": [
        [
            -2.8010154903400686,
            2.007986279783335,
            2.349442487118442
        ],
        [
            0.24842280698906913,
            3.6371242197167404,
            2.7029978082661152
        ],
        [
            -1.2734810437430033,
            0.7401723473405738,
            3.9856533367023617
        ]
    ],
    "power": [
        788.5739928774304,
        1215.7551430116769,
        1248.1267522709663
    ]
}