{
    "pos": [
        0.40124135543235173,
        -3.8043859231052806,
        2.5807902142869112
    ],
    "power": 1127.2903033867046,
    "size": 6.238871698839386
}