{
    "pos": [
        [
            -0.5688542081742477,
            -1.7403752249791336,
            4.331729300446283
        ],
        [
            -1.0238983573955343,
            -2.7700095213395874,
            3.766468097910439
        ],
        [
            -0.9784241448603087,
            -2.4370032334496146,
            3.785551505652545
        ]
    ],
    "power": [
        724.7404252828419,
        1477.5892582294905,
        1427.675652902889
    ]
}