{
    "pos": [
        -0.266243930328948,
        -1.426744387666849,
        3.8515837868336034
    ],
    "power": 679.1394284661536
}