{
    "c2w": [
        [
            -0.8374473791359727,
            0.06401588631620513,
            -0.5427557954342277,
            -0.9530901649789101
        ],
        [
            -0.5465179660160226,
            -0.09809363928028789,
            0.8316824819331343,
            1.4604512758478279
        ],
        [
            1.3782254617182948e-17,
            0.9931161081323268,
            0.11713409310743196,
            0.2056898388990967
        ],
        [
            0.0,
            0.0,
            0.0,
            1.0
        ]
    ],
    "fov": 27.861918241560943
}