{
    "pos": [
        [
            -2.461907324520353,
            -0.5159987657658978,
            3.5663380254777386
        ],
        [
            -0.09288139077120541,
            1.508325501042409,
            4.067436560206142
        ],
        [
            -0.8925515125585136,
            -3.0983923504827944,
            2.8365793114532325
        ]
    ],
    "power": [
        1462.7193105602637,
        1121.7864827847302,
        1145.9562772679533
    ]
}