{
    "scale": 0.09505999729603479,
    "offset": [
        0.027117431163787842,
        -0.0024580061435699463,
        0.15917901694774628
    ]
}