{
    "pos": [
        2.9706865426666837,
        -0.831298380694316,
        3.806173653656368
    ],
    "power": 1110.6639884490094
}