{
    "pos": [
        [
            -2.102172550207689,
            -1.5574341580742561,
            3.7228316574474083
        ],
        [
            -2.2755046055740302,
            2.160529799859927,
            2.6396411952096117
        ],
        [
            -2.3340397754269526,
            -3.319703362569433,
            2.870944527897126
        ]
    ],
    "power": [
        1097.3029242960206,
        549.4525354038819,
        745.4640740201371
    ]
}