{
    "pos": [
        -1.7753299267698965,
        0.8095473541100379,
        4.479064868773755
    ],
    "power": 627.194696158623
}