{
    "pos": [
        0.018551436706023064,
        -3.2327329037418777,
        3.19713570005711
    ],
    "power": 659.3745139754606
}