{
    "pos": [
        0.9617790021392054,
        3.6750053384209096,
        2.6194538659035262
    ],
    "power": 705.0597711057135,
    "size": 5.197809119295316
}