{
    "scale": 6.526027064000544,
    "offset": [
        -0.008940659463405609,
        0.018990691751241684,
        -0.6375367641448975
    ]
}