{
    "pos": [
        -1.0114370596717757,
        3.689322667242219,
        2.761939503311793
    ],
    "power": 1094.7741696280095,
    "size": 8.966904607359208
}