{
    "pos": [
        -3.4331391627506505,
        -1.6126419751898897,
        2.411281328881618
    ],
    "power": 1487.84868754637
}