{
    "pos": [
        -0.3528453676428299,
        -1.224591483885349,
        4.793280730979851
    ],
    "power": 1225.4154749026222,
    "size": 8.737668267956717
}