{
    "pos": [
        -1.728497051252355,
        1.499817303682416,
        3.787845450377437
    ],
    "power": 1066.6525485808788
}