{
    "pos": [
        -1.2305476975156378,
        -2.5164643349332523,
        3.134078390815207
    ],
    "power": 1370.5638487125111,
    "size": 6.7169683837653
}