{
    "pos": [
        2.4036921714845523,
        3.065836047691278,
        2.4249983871940297
    ],
    "power": 1416.889746473686
}