{
    "pos": [
        [
            -2.9122965796419042,
            0.7945569452137906,
            3.718843889156992
        ],
        [
            0.6591697104829802,
            -1.1500239176345028,
            4.5198058128308265
        ],
        [
            0.04308567518218613,
            1.6427385795752851,
            4.523463439993092
        ]
    ],
    "power": [
        991.9812704582889,
        1160.3581303713772,
        945.1596803006346
    ]
}