{
    "pos": [
        [
            -1.0436674991620065,
            -3.1342853008454186,
            2.458939916182848
        ],
        [
            -1.8109884907058302,
            -2.419685780388884,
            3.0596785208231214
        ],
        [
            2.0517246191875627,
            2.4840289508048814,
            3.056211724050087
        ]
    ],
    "power": [
        664.7543440960403,
        1067.8423441842442,
        1160.1711780929386
    ]
}