{
    "c2w": [
        [
            0.9955382791802425,
            0.042411774116340194,
            -0.0842898339252475,
            -0.17427861639357148
        ],
        [
            -0.09435854326366673,
            0.44746922918023146,
            -0.8893074576601775,
            -1.8387421833924948
        ],
        [
            0.0,
            0.8932930820022921,
            0.44947465962704286,
            0.9293389028769817
        ],
        [
            0.0,
            0.0,
            0.0,
            1.0
        ]
    ],
    "fov": 30.018789559363086
}