{
    "pos": [
        [
            0.7438433113282632,
            3.549929988836866,
            3.062490843320046
        ],
        [
            2.8246201543735006,
            0.27884735657619103,
            3.347851193013213
        ],
        [
            -2.4688114506697123,
            2.8109140658083773,
            2.7332321508350703
        ]
    ],
    "power": [
        1253.0969288757678,
        518.0449073544196,
        1103.4359675073702
    ]
}