{
    "pos": [
        1.0530492297097336,
        -1.032603987064764,
        4.528525455655077
    ],
    "power": 697.9630559173968
}