{
    "pos": [
        1.7292348921877223,
        3.4301704950858545,
        2.401091522480445
    ],
    "power": 1303.4079445956731,
    "size": 5.403445263917121
}