{
    "pos": [
        [
            -0.8911497748252875,
            -0.2751869279165615,
            4.219539939506621
        ],
        [
            1.3238334454138099,
            -1.5767604455857318,
            3.7376138786882387
        ],
        [
            -0.5862477187587767,
            -0.18739786068509584,
            4.698681948370325
        ]
    ],
    "power": [
        626.7237338642635,
        551.4352397379109,
        786.9312886137287
    ]
}